batch_size,sequence_length,model_dimension,precision,is_causal,device,O_diff_l2,O_diff_max,K_grad_diff_l2_rel,K_grad_diff_max,V_grad_diff_l2_rel,V_grad_diff_max,Q_grad_diff_l2_rel,Q_grad_diff_max
1,256,32,torch.bfloat16,True,cuda,0.034062039107084274,0.006293058395385742,0.0020904541015625,0.015625,0.00177001953125,0.03125,0.0027008056640625,0.0078125
1,256,32,torch.bfloat16,False,cuda,0.021057097241282463,0.001853346824645996,0.001953125,0.0078125,0.0010223388671875,0.0078125,0.002777099609375,0.00390625
1,256,32,torch.float16,True,cuda,0.004675653763115406,0.0005438327789306641,0.00026702880859375,0.001953125,2.288818359375e-05,0.000244140625,0.0003464221954345703,0.00048828125
1,256,32,torch.float16,False,cuda,0.0024807152803987265,0.00016450881958007812,0.00023674964904785156,0.0009765625,0.00015342235565185547,0.0009765625,0.00033926963806152344,0.000244140625
1,256,32,torch.float32,True,cuda,0.02129031904041767,0.0022221803665161133,0.0017331232083961368,0.005461454391479492,0.0004087210982106626,0.002610921859741211,0.0016341208247467875,0.002491593360900879
1,256,32,torch.float32,False,cuda,0.014186568558216095,0.0010724663734436035,0.0018093411345034838,0.003517746925354004,0.00043366962927393615,0.0017009973526000977,0.0018494974356144667,0.0018162131309509277
1,256,128,torch.bfloat16,True,cuda,0.07244684547185898,0.0074787139892578125,0.00238037109375,0.015625,0.0010986328125,0.015625,0.002655029296875,0.00390625
1,256,128,torch.bfloat16,False,cuda,0.03979652374982834,0.0014100968837738037,0.00225830078125,0.00390625,0.00106048583984375,0.0078125,0.002685546875,0.001953125
1,256,128,torch.float16,True,cuda,0.009343848563730717,0.0006310939788818359,0.0003046989440917969,0.001953125,7.998943328857422e-05,0.0009765625,0.0003459453582763672,0.0009765625
1,256,128,torch.float16,False,cuda,0.004886804148554802,0.00017499923706054688,0.0002765655517578125,0.0009765625,8.034706115722656e-05,0.00048828125,0.0003223419189453125,0.000244140625
1,256,128,torch.float32,True,cuda,0.042826857417821884,0.0022041797637939453,0.001560649718157947,0.004153251647949219,0.0003721891844179481,0.0025420188903808594,0.001522326609119773,0.0023685693740844727
1,256,128,torch.float32,False,cuda,0.02740122564136982,0.0009976327419281006,0.0018497062847018242,0.0025217533111572266,0.00038471765583381057,0.001035451889038086,0.0018764444394037127,0.0015772581100463867
1,512,32,torch.bfloat16,True,cuda,0.03974605351686478,0.005416393280029297,0.00191497802734375,0.015625,0.00118255615234375,0.03125,0.0027008056640625,0.0078125
1,512,32,torch.bfloat16,False,cuda,0.020422639325261116,0.001081615686416626,0.00156402587890625,0.0078125,0.000728607177734375,0.0078125,0.0026397705078125,0.001953125
1,512,32,torch.float16,True,cuda,0.00507847685366869,0.0004661083221435547,0.00023174285888671875,0.001953125,9.244680404663086e-05,0.001953125,0.00033593177795410156,0.0009765625
1,512,32,torch.float16,False,cuda,0.0025607405696064234,0.00011360645294189453,0.0002002716064453125,0.0009765625,7.712841033935547e-05,0.0009765625,0.00034236907958984375,0.000244140625
1,512,32,torch.float32,True,cuda,0.023903975263237953,0.0016831159591674805,0.0017798932967707515,0.008844852447509766,0.00042365133413113654,0.0045452117919921875,0.0017894491320475936,0.003145933151245117
1,512,32,torch.float32,False,cuda,0.014264190569519997,0.0009253025054931641,0.0017951190238818526,0.003290534019470215,0.0004214357759337872,0.0012118816375732422,0.0019366730703040957,0.001219332218170166
1,512,128,torch.bfloat16,True,cuda,0.08027323335409164,0.004771709442138672,0.002288818359375,0.015625,0.0011138916015625,0.015625,0.002685546875,0.0078125
1,512,128,torch.bfloat16,False,cuda,0.04072993993759155,0.0012038052082061768,0.0019683837890625,0.00390625,0.000518798828125,0.0078125,0.0026397705078125,0.001953125
1,512,128,torch.float16,True,cuda,0.010124964639544487,0.0011453628540039062,0.00026488304138183594,0.001953125,8.0108642578125e-05,0.001953125,0.0003223419189453125,0.0009765625
1,512,128,torch.float16,False,cuda,0.004996512085199356,0.00014862418174743652,0.0002560615539550781,0.00048828125,0.00011771917343139648,0.0009765625,0.00032591819763183594,0.00048828125
1,512,128,torch.float32,True,cuda,0.04958353936672211,0.002201557159423828,0.001669043325819075,0.00452423095703125,0.0003761992556974292,0.002857208251953125,0.0016286096069961786,0.0022394657135009766
1,512,128,torch.float32,False,cuda,0.029183702543377876,0.0015053153038024902,0.0018576702568680048,0.004898667335510254,0.00038524059345945716,0.0013394355773925781,0.0019879064057022333,0.002794802188873291
1,1024,32,torch.bfloat16,True,cuda,0.04123084619641304,0.0035457611083984375,0.00160980224609375,0.015625,0.000530242919921875,0.015625,0.0025482177734375,0.00390625
1,1024,32,torch.bfloat16,False,cuda,0.021154845133423805,0.0008329451084136963,0.0013427734375,0.0078125,0.0004673004150390625,0.0078125,0.0025634765625,0.0009765625
1,1024,32,torch.float16,True,cuda,0.005826499313116074,0.0005173683166503906,0.00017821788787841797,0.001953125,5.3048133850097656e-05,0.0009765625,0.00032401084899902344,0.0009765625
1,1024,32,torch.float16,False,cuda,0.0026986999437212944,0.00010317564010620117,0.0001615285873413086,0.0009765625,7.408857345581055e-05,0.0009765625,0.0003113746643066406,0.000244140625
1,1024,32,torch.float32,True,cuda,0.02676216885447502,0.001893758773803711,0.0016946792602539062,0.00723719596862793,0.00040746430750004947,0.0035958290100097656,0.001621923758648336,0.0017781853675842285
1,1024,32,torch.float32,False,cuda,0.014590967446565628,0.0005268454551696777,0.0017880569212138653,0.003930807113647461,0.00041446296381764114,0.0015447139739990234,0.0019537191838026047,0.0007552802562713623
1,1024,128,torch.bfloat16,True,cuda,0.0873350128531456,0.005619168281555176,0.00213623046875,0.015625,0.001220703125,0.03125,0.0027313232421875,0.0078125
1,1024,128,torch.bfloat16,False,cuda,0.04092768579721451,0.0009664595127105713,0.00177001953125,0.00390625,0.0005035400390625,0.0078125,0.0025482177734375,0.001953125
1,1024,128,torch.float16,True,cuda,0.010645768605172634,0.0005941390991210938,0.0002532005310058594,0.001953125,0.00012129545211791992,0.00390625,0.0003333091735839844,0.0009765625
1,1024,128,torch.float16,False,cuda,0.0050882259383797646,8.559226989746094e-05,0.00022530555725097656,0.00048828125,9.500980377197266e-05,0.0009765625,0.00032973289489746094,0.000244140625
1,1024,128,torch.float32,True,cuda,0.053315553814172745,0.0024352073669433594,0.0016873313579708338,0.007458686828613281,0.00037324728327803314,0.0033540725708007812,0.001638196175917983,0.002521991729736328
1,1024,128,torch.float32,False,cuda,0.030292503535747528,0.00150984525680542,0.0018104295013472438,0.0021877288818359375,0.0003774664655793458,0.0011527538299560547,0.0018859236733987927,0.0013826489448547363
1,2048,32,torch.bfloat16,True,cuda,0.047981541603803635,0.004015922546386719,0.00138092041015625,0.015625,0.000537872314453125,0.015625,0.0026092529296875,0.0078125
1,2048,32,torch.bfloat16,False,cuda,0.020994579419493675,0.0005699843168258667,0.00112152099609375,0.00390625,0.000484466552734375,0.0078125,0.00262451171875,0.0009765625
1,2048,32,torch.float16,True,cuda,0.005865377839654684,0.0007131099700927734,0.00016939640045166016,0.001953125,8.165836334228516e-05,0.001953125,0.0003325939178466797,0.00048828125
1,2048,32,torch.float16,False,cuda,0.0026361586060374975,6.812810897827148e-05,0.0001506805419921875,0.0009765625,6.502866744995117e-05,0.0009765625,0.0003349781036376953,0.0001220703125
1,2048,32,torch.float32,True,cuda,0.030360277742147446,0.0022361278533935547,0.0017691028770059347,0.008530139923095703,0.00041648285696282983,0.00424957275390625,0.0017784112133085728,0.0028009414672851562
1,2048,32,torch.float32,False,cuda,0.015527372248470783,0.0006519407033920288,0.001838745316490531,0.0045272111892700195,0.0004191850603092462,0.0018996000289916992,0.0020871597807854414,0.0014423131942749023
1,2048,128,torch.bfloat16,True,cuda,0.09320112317800522,0.004792451858520508,0.0018310546875,0.015625,0.000629425048828125,0.015625,0.0025634765625,0.00390625
1,2048,128,torch.bfloat16,False,cuda,0.04159937798976898,0.0005995333194732666,0.00153350830078125,0.00390625,0.0004138946533203125,0.0078125,0.00262451171875,0.0009765625
1,2048,128,torch.float16,True,cuda,0.011691671796143055,0.0006401538848876953,0.00022494792938232422,0.001953125,9.387731552124023e-05,0.00390625,0.00032806396484375,0.00048828125
1,2048,128,torch.float16,False,cuda,0.005236854311078787,0.00012063980102539062,0.00019025802612304688,0.00048828125,6.282329559326172e-05,0.0009765625,0.00032591819763183594,0.0001220703125
1,2048,128,torch.float32,True,cuda,0.0591714084148407,0.0030242204666137695,0.0017593532102182508,0.008497238159179688,0.00037688901647925377,0.0035414695739746094,0.0017137718386948109,0.0027256011962890625
1,2048,128,torch.float32,False,cuda,0.030064549297094345,0.0012066662311553955,0.0018225989770144224,0.0023103952407836914,0.00037387877819128335,0.0009791851043701172,0.0019395174458622932,0.0015766024589538574
1,4096,32,torch.bfloat16,True,cuda,0.050152409821748734,0.003862738609313965,0.0011749267578125,0.03125,0.000522613525390625,0.03125,0.002716064453125,0.00390625
1,4096,32,torch.bfloat16,False,cuda,0.02152973599731922,0.00044414401054382324,0.00099945068359375,0.0078125,0.0004100799560546875,0.0078125,0.0027008056640625,0.0009765625
1,4096,32,torch.float16,True,cuda,0.0062107820995152,0.0005069971084594727,0.00014984607696533203,0.00390625,8.26120376586914e-05,0.00390625,0.0003380775451660156,0.0009765625
1,4096,32,torch.float16,False,cuda,0.0026713251136243343,6.814301013946533e-05,0.00012034177780151367,0.0009765625,5.614757537841797e-05,0.0009765625,0.0003509521484375,0.0001220703125
1,4096,32,torch.float32,True,cuda,0.033219657838344574,0.003242969512939453,0.0018056855769827962,0.00914907455444336,0.0004312648088671267,0.007944107055664062,0.001863711979240179,0.002564549446105957
1,4096,32,torch.float32,False,cuda,0.015819581225514412,0.0004283636808395386,0.0018325790297240019,0.004728436470031738,0.0004237548273522407,0.0017887353897094727,0.0020680460147559643,0.0007293373346328735
1,4096,128,torch.bfloat16,True,cuda,0.09872274100780487,0.00488734245300293,0.00167083740234375,0.015625,0.00063323974609375,0.03125,0.002593994140625,0.0078125
1,4096,128,torch.bfloat16,False,cuda,0.04280100017786026,0.00040155649185180664,0.00130462646484375,0.00390625,0.000385284423828125,0.0078125,0.00262451171875,0.0009765625
1,4096,128,torch.float16,True,cuda,0.01249738596379757,0.0005553960800170898,0.00021588802337646484,0.001953125,7.37905502319336e-05,0.00390625,0.00034737586975097656,0.001953125
1,4096,128,torch.float16,False,cuda,0.005324285943061113,5.0649046897888184e-05,0.00016498565673828125,0.0009765625,5.894899368286133e-05,0.0009765625,0.00032329559326171875,0.0001220703125
1,4096,128,torch.float32,True,cuda,0.06685985624790192,0.0029327869415283203,0.00175673165358603,0.007393360137939453,0.00038480828516185284,0.004555702209472656,0.0017093245405703783,0.002639293670654297
1,4096,128,torch.float32,False,cuda,0.030326321721076965,0.0004256144165992737,0.0018115115817636251,0.0025632381439208984,0.00037635042099282146,0.0009666681289672852,0.0018974433187395334,0.0006060600280761719
1,8192,32,torch.bfloat16,True,cuda,0.054056886583566666,0.004339337348937988,0.00098419189453125,0.03125,0.0003795623779296875,0.015625,0.0026702880859375,0.0078125
1,8192,32,torch.bfloat16,False,cuda,0.02155098132789135,0.00031910091638565063,0.000797271728515625,0.0078125,0.000377655029296875,0.0078125,0.0026397705078125,0.0009765625
1,8192,32,torch.float16,True,cuda,0.006908097304403782,0.0009100437164306641,0.0001392364501953125,0.00390625,8.755922317504883e-05,0.00390625,0.00033545494079589844,0.00048828125
1,8192,32,torch.float16,False,cuda,0.002704082289710641,4.382431507110596e-05,9.959936141967773e-05,0.0009765625,5.161762237548828e-05,0.0009765625,0.0003235340118408203,6.103515625e-05
1,8192,32,torch.float32,True,cuda,0.035294193774461746,0.00194549560546875,0.0018168401438742876,0.016597270965576172,0.0004476749454624951,0.007088661193847656,0.0018449253402650356,0.0021927356719970703
1,8192,32,torch.float32,False,cuda,0.01596836745738983,0.0005903095006942749,0.001817407668568194,0.005012035369873047,0.0004360602470114827,0.0030475854873657227,0.002090445253998041,0.0008435249328613281
1,8192,128,torch.bfloat16,True,cuda,0.1086067259311676,0.005671262741088867,0.00140380859375,0.015625,0.000415802001953125,0.03125,0.0026092529296875,0.00390625
1,8192,128,torch.bfloat16,False,cuda,0.04311646893620491,0.00031062960624694824,0.0010986328125,0.00390625,0.0003604888916015625,0.0078125,0.0025482177734375,0.00048828125
1,8192,128,torch.float16,True,cuda,0.013141458854079247,0.0005508661270141602,0.00017452239990234375,0.001953125,9.79304313659668e-05,0.00390625,0.0003306865692138672,0.00048828125
1,8192,128,torch.float16,False,cuda,0.005545482505112886,3.947317600250244e-05,0.00014090538024902344,0.00048828125,3.808736801147461e-05,0.0009765625,0.00032711029052734375,6.103515625e-05
1,8192,128,torch.float32,True,cuda,0.0680377185344696,0.0019276142120361328,0.0017695039277896285,0.006643056869506836,0.0003961892507504672,0.004326820373535156,0.001772489515133202,0.0025916099548339844
1,8192,128,torch.float32,False,cuda,0.030663860961794853,0.0002694353461265564,0.0018037209520116448,0.0026700496673583984,0.00038517851498909295,0.001034379005432129,0.0019696252420544624,0.0005486160516738892
3,256,32,torch.bfloat16,True,cuda,0.06461275368928909,0.00496363639831543,0.0020294189453125,0.015625,0.000881195068359375,0.015625,0.0025482177734375,0.0078125
3,256,32,torch.bfloat16,False,cuda,0.03314971178770065,0.0012109577655792236,0.00180816650390625,0.0078125,0.001007080078125,0.0078125,0.002685546875,0.00390625
3,256,32,torch.float16,True,cuda,0.008005895651876926,0.0008995532989501953,0.00023829936981201172,0.001953125,0.00011861324310302734,0.001953125,0.0003440380096435547,0.0009765625
3,256,32,torch.float16,False,cuda,0.004182304721325636,0.0001653432846069336,0.00023043155670166016,0.0009765625,0.00010460615158081055,0.0009765625,0.0003364086151123047,0.00048828125
3,256,32,torch.float32,True,cuda,0.038034480065107346,0.0028246641159057617,0.0016158620128408074,0.006494045257568359,0.0004159146919846535,0.0036773681640625,0.001537750824354589,0.0029001235961914062
3,256,32,torch.float32,False,cuda,0.024325277656316757,0.002277195453643799,0.0017901483224704862,0.0072078704833984375,0.00043649753206409514,0.0019273757934570312,0.0018314355984330177,0.00356370210647583
3,256,128,torch.bfloat16,True,cuda,0.1292732059955597,0.006905317306518555,0.0024566650390625,0.03125,0.0011138916015625,0.03125,0.0026092529296875,0.0078125
3,256,128,torch.bfloat16,False,cuda,0.06752599030733109,0.0015843212604522705,0.002166748046875,0.0078125,0.00101470947265625,0.0078125,0.00262451171875,0.00390625
3,256,128,torch.float16,True,cuda,0.01634506694972515,0.0008633136749267578,0.00029587745666503906,0.001953125,0.0001270771026611328,0.001953125,0.00033402442932128906,0.0009765625
3,256,128,torch.float16,False,cuda,0.008605021983385086,0.00019627809524536133,0.00027823448181152344,0.0009765625,5.543231964111328e-05,0.0009765625,0.0003230571746826172,0.00048828125
3,256,128,torch.float32,True,cuda,0.0767408162355423,0.002474069595336914,0.0016633211635053158,0.005967855453491211,0.00038417999166995287,0.003410816192626953,0.0016242617275565863,0.0034786462783813477
3,256,128,torch.float32,False,cuda,0.04578661918640137,0.0012606978416442871,0.0017975259106606245,0.0030936002731323242,0.0003870783548336476,0.0009531974792480469,0.001882190234027803,0.0023720860481262207
3,512,32,torch.bfloat16,True,cuda,0.06851931661367416,0.004542350769042969,0.00183868408203125,0.015625,0.0006256103515625,0.015625,0.002655029296875,0.0078125
3,512,32,torch.bfloat16,False,cuda,0.035634759813547134,0.001028686761856079,0.0016021728515625,0.0078125,0.00077056884765625,0.0078125,0.002593994140625,0.001953125
3,512,32,torch.float16,True,cuda,0.008731654845178127,0.0009558200836181641,0.00021529197692871094,0.00390625,0.00010293722152709961,0.00390625,0.0003418922424316406,0.0009765625
3,512,32,torch.float16,False,cuda,0.00441661337390542,0.0002111196517944336,0.00018739700317382812,0.0009765625,7.814168930053711e-05,0.0009765625,0.0003139972686767578,0.00048828125
3,512,32,torch.float32,True,cuda,0.042176682502031326,0.0021551847457885742,0.0017186935292556882,0.007781505584716797,0.0004084163228981197,0.003055572509765625,0.0016620163805782795,0.0028263330459594727
3,512,32,torch.float32,False,cuda,0.025190016254782677,0.001201331615447998,0.0017979285912588239,0.004373788833618164,0.0004295698890928179,0.0018799304962158203,0.0018848150502890348,0.0021158456802368164
3,512,128,torch.bfloat16,True,cuda,0.14172394573688507,0.008382081985473633,0.00225830078125,0.015625,0.000896453857421875,0.03125,0.0027008056640625,0.015625
3,512,128,torch.bfloat16,False,cuda,0.0697786808013916,0.0011426210403442383,0.00201416015625,0.0078125,0.000827789306640625,0.0078125,0.0026092529296875,0.00390625
3,512,128,torch.float16,True,cuda,0.01756962388753891,0.0007424354553222656,0.00028014183044433594,0.001953125,0.00013911724090576172,0.00390625,0.0003333091735839844,0.0009765625
3,512,128,torch.float16,False,cuda,0.008821026422083378,0.00013783574104309082,0.0002493858337402344,0.00048828125,0.00011038780212402344,0.0009765625,0.0003261566162109375,0.00048828125
3,512,128,torch.float32,True,cuda,0.08351420611143112,0.0027912259101867676,0.0016883417265489697,0.005327939987182617,0.000378507626010105,0.0036020278930664062,0.0016801321180537343,0.0029764175415039062
3,512,128,torch.float32,False,cuda,0.048224132508039474,0.0013001561164855957,0.0018258063355460763,0.003209352493286133,0.00037999192136339843,0.001417994499206543,0.0018650704296305776,0.0025693178176879883
3,1024,32,torch.bfloat16,True,cuda,0.07536128163337708,0.00785517692565918,0.001556396484375,0.015625,0.0008087158203125,0.03125,0.0027008056640625,0.0078125
3,1024,32,torch.bfloat16,False,cuda,0.03533460944890976,0.000898510217666626,0.00136566162109375,0.0078125,0.000659942626953125,0.0078125,0.002685546875,0.001953125
3,1024,32,torch.float16,True,cuda,0.009543233551084995,0.0009768009185791016,0.0002052783966064453,0.001953125,0.00012481212615966797,0.00390625,0.0003349781036376953,0.0009765625
3,1024,32,torch.float16,False,cuda,0.004505045246332884,0.00014418363571166992,0.00016129016876220703,0.0009765625,8.243322372436523e-05,0.0009765625,0.0003275871276855469,0.000244140625
3,1024,32,torch.float32,True,cuda,0.04926000162959099,0.002377748489379883,0.0017317841993644834,0.01030588150024414,0.0004263580485712737,0.006657600402832031,0.0016734820092096925,0.0027527809143066406
3,1024,32,torch.float32,False,cuda,0.025927230715751648,0.0010045170783996582,0.0018199505284428596,0.004978060722351074,0.0004225368029437959,0.0018306970596313477,0.0019461704650893807,0.0011432766914367676
3,1024,128,torch.bfloat16,True,cuda,0.1530224233865738,0.0076825618743896484,0.0020599365234375,0.015625,0.000888824462890625,0.03125,0.0026702880859375,0.0078125
3,1024,128,torch.bfloat16,False,cuda,0.07158283144235611,0.0010304152965545654,0.0017852783203125,0.00390625,0.00052642822265625,0.0078125,0.002593994140625,0.001953125
3,1024,128,torch.float16,True,cuda,0.018828541040420532,0.0009510517120361328,0.00026154518127441406,0.001953125,0.00010412931442260742,0.00390625,0.0003349781036376953,0.0009765625
3,1024,128,torch.float16,False,cuda,0.009090333245694637,0.00011512637138366699,0.00021922588348388672,0.0009765625,7.706880569458008e-05,0.0009765625,0.0003256797790527344,0.000244140625
3,1024,128,torch.float32,True,cuda,0.0934067890048027,0.00255662202835083,0.0016901963390409946,0.006119966506958008,0.0003748058225028217,0.0033059120178222656,0.0016702854773029685,0.003131866455078125
3,1024,128,torch.float32,False,cuda,0.05043397471308708,0.001145780086517334,0.0018191265407949686,0.0023881196975708008,0.00037583100493066013,0.0012837648391723633,0.0019284926820546389,0.0010159611701965332
3,2048,32,torch.bfloat16,True,cuda,0.08197984844446182,0.008937835693359375,0.00136566162109375,0.03125,0.0006256103515625,0.03125,0.002655029296875,0.00390625
3,2048,32,torch.bfloat16,False,cuda,0.03669590502977371,0.000646740198135376,0.0011749267578125,0.015625,0.00048828125,0.0078125,0.002716064453125,0.001953125
3,2048,32,torch.float16,True,cuda,0.010505862534046173,0.0008754730224609375,0.0001785755157470703,0.00390625,6.526708602905273e-05,0.00390625,0.0003342628479003906,0.001953125
3,2048,32,torch.float16,False,cuda,0.0045374613255262375,9.733438491821289e-05,0.00014281272888183594,0.0009765625,7.015466690063477e-05,0.0009765625,0.0003409385681152344,0.000244140625
3,2048,32,torch.float32,True,cuda,0.0515495166182518,0.002333402633666992,0.0018109543016180396,0.011626243591308594,0.0004170836182311177,0.004570960998535156,0.001777344266884029,0.002959728240966797
3,2048,32,torch.float32,False,cuda,0.026740295812487602,0.0007156580686569214,0.001822626800276339,0.005410671234130859,0.0004237787507008761,0.003041505813598633,0.001938086235895753,0.0015071630477905273
3,2048,128,torch.bfloat16,True,cuda,0.16115514934062958,0.007033348083496094,0.00188446044921875,0.03125,0.00072479248046875,0.03125,0.0026397705078125,0.0078125
3,2048,128,torch.bfloat16,False,cuda,0.07317278534173965,0.0006192624568939209,0.0015411376953125,0.00390625,0.000583648681640625,0.0078125,0.002593994140625,0.0009765625
3,2048,128,torch.float16,True,cuda,0.020600998774170876,0.0009417533874511719,0.00023365020751953125,0.001953125,0.0001081228256225586,0.00390625,0.0003323554992675781,0.0009765625
3,2048,128,torch.float16,False,cuda,0.00915864109992981,7.671117782592773e-05,0.00019252300262451172,0.0009765625,5.6624412536621094e-05,0.0009765625,0.0003237724304199219,0.000244140625
3,2048,128,torch.float32,True,cuda,0.10190241038799286,0.002254486083984375,0.0017274031415581703,0.010352134704589844,0.0003758181119337678,0.004136085510253906,0.0016681021079421043,0.0059299468994140625
3,2048,128,torch.float32,False,cuda,0.05141404643654823,0.0007212609052658081,0.0018166470108553767,0.00231170654296875,0.00037372997030615807,0.001184225082397461,0.0019658382516354322,0.000744551420211792
3,4096,32,torch.bfloat16,True,cuda,0.08702248334884644,0.005545854568481445,0.00121307373046875,0.03125,0.000568389892578125,0.03125,0.0027008056640625,0.0078125
3,4096,32,torch.bfloat16,False,cuda,0.036770954728126526,0.0005436986684799194,0.000972747802734375,0.0078125,0.0004177093505859375,0.0078125,0.0027008056640625,0.0009765625
3,4096,32,torch.float16,True,cuda,0.0112638920545578,0.0010051727294921875,0.00015854835510253906,0.00390625,6.818771362304688e-05,0.00390625,0.0003352165222167969,0.0009765625
3,4096,32,torch.float16,False,cuda,0.004711388144642115,6.760656833648682e-05,0.00012123584747314453,0.0009765625,6.008148193359375e-05,0.0009765625,0.000324249267578125,0.0001220703125
3,4096,32,torch.float32,True,cuda,0.05729148909449577,0.00258791446685791,0.0018115317216143012,0.016157150268554688,0.00043115089647471905,0.006002902984619141,0.0018495372496545315,0.0034788846969604492
3,4096,32,torch.float32,False,cuda,0.027579069137573242,0.0018433332443237305,0.0018221723148599267,0.0073223114013671875,0.0004270496137905866,0.0026912689208984375,0.0020152952056378126,0.0023925304412841797
3,4096,128,torch.bfloat16,True,cuda,0.17634886503219604,0.007159709930419922,0.0016632080078125,0.03125,0.000499725341796875,0.03125,0.002685546875,0.015625
3,4096,128,torch.bfloat16,False,cuda,0.07394865900278091,0.0005636811256408691,0.00131988525390625,0.00390625,0.0004291534423828125,0.0078125,0.0025634765625,0.0009765625
3,4096,128,torch.float16,True,cuda,0.021945027634501457,0.0007882118225097656,0.00020623207092285156,0.001953125,7.766485214233398e-05,0.00390625,0.0003285408020019531,0.0009765625
3,4096,128,torch.float16,False,cuda,0.009264138527214527,5.9798359870910645e-05,0.00016355514526367188,0.00048828125,5.716085433959961e-05,0.0009765625,0.00032329559326171875,0.0001220703125
3,4096,128,torch.float32,True,cuda,0.11054731160402298,0.0022220611572265625,0.0017591248033568263,0.009715557098388672,0.00038173850043676794,0.0041484832763671875,0.001726991729810834,0.00420689582824707
3,4096,128,torch.float32,False,cuda,0.052048418670892715,0.00043826550245285034,0.0018131276592612267,0.002630472183227539,0.0003765705623663962,0.0009906291961669922,0.0019664503633975983,0.0005585998296737671
3,8192,32,torch.bfloat16,True,cuda,0.09425626695156097,0.006871461868286133,0.0011138916015625,0.03125,0.0004787445068359375,0.03125,0.00262451171875,0.0078125
3,8192,32,torch.bfloat16,False,cuda,0.03772599995136261,0.0003425478935241699,0.00081634521484375,0.0078125,0.0003814697265625,0.0078125,0.0026702880859375,0.0009765625
3,8192,32,torch.float16,True,cuda,0.011690975166857243,0.0009179115295410156,0.00013363361358642578,0.00390625,8.577108383178711e-05,0.00390625,0.00033926963806152344,0.0009765625
3,8192,32,torch.float16,False,cuda,0.00470828777179122,3.945082426071167e-05,0.00010186433792114258,0.001953125,5.310773849487305e-05,0.0009765625,0.00033783912658691406,0.0001220703125
3,8192,32,torch.float32,True,cuda,0.06120196729898453,0.0024144649505615234,0.0018066390184685588,0.016577720642089844,0.00044428781257010996,0.007239341735839844,0.0018113135593011975,0.0031969547271728516
3,8192,32,torch.float32,False,cuda,0.02787221595644951,0.0005323886871337891,0.0018237241310998797,0.006263017654418945,0.00043555357842706144,0.0030449628829956055,0.002052644267678261,0.0007522106170654297
3,8192,128,torch.bfloat16,True,cuda,0.18711961805820465,0.008076190948486328,0.00148773193359375,0.0625,0.000438690185546875,0.03125,0.0026397705078125,0.015625
3,8192,128,torch.bfloat16,False,cuda,0.07488218694925308,0.0003204718232154846,0.00110626220703125,0.00390625,0.0003604888916015625,0.0078125,0.002593994140625,0.00048828125
3,8192,128,torch.float16,True,cuda,0.023126725107431412,0.0009100437164306641,0.00017654895782470703,0.001953125,9.40561294555664e-05,0.00390625,0.0003235340118408203,0.0009765625
3,8192,128,torch.float16,False,cuda,0.009387330152094364,4.1425228118896484e-05,0.00013887882232666016,0.00048828125,5.060434341430664e-05,0.0009765625,0.00032329559326171875,0.0001220703125
3,8192,128,torch.float32,True,cuda,0.11936241388320923,0.0034759044647216797,0.0017743953503668308,0.010716915130615234,0.0003970902762375772,0.005019187927246094,0.0017572318902239203,0.003299713134765625
3,8192,128,torch.float32,False,cuda,0.05275987461209297,0.00045865029096603394,0.0018052628729492426,0.0023435354232788086,0.00038452475564554334,0.0010471343994140625,0.001966228010132909,0.0006550699472427368
5,256,32,torch.bfloat16,True,cuda,0.08428936451673508,0.007746696472167969,0.0021209716796875,0.015625,0.00099945068359375,0.03125,0.0028839111328125,0.015625
5,256,32,torch.bfloat16,False,cuda,0.045025311410427094,0.0018628239631652832,0.00180816650390625,0.0078125,0.000858306884765625,0.0078125,0.002685546875,0.00390625
5,256,32,torch.float16,True,cuda,0.01053407322615385,0.0006891489028930664,0.0002551078796386719,0.001953125,0.000141143798828125,0.00390625,0.00033473968505859375,0.001953125
5,256,32,torch.float16,False,cuda,0.005604833830147982,0.00016039609909057617,0.00022220611572265625,0.0009765625,0.00010192394256591797,0.0009765625,0.0003323554992675781,0.00048828125
5,256,32,torch.float32,True,cuda,0.04741716384887695,0.0024390220642089844,0.001622415496967733,0.007121086120605469,0.0004118003707844764,0.004584312438964844,0.001549958367832005,0.0032439231872558594
5,256,32,torch.float32,False,cuda,0.03187510371208191,0.0030677318572998047,0.0017878151265904307,0.004295945167541504,0.0004385385836940259,0.002474069595336914,0.0018018775153905153,0.0014845430850982666
5,256,128,torch.bfloat16,True,cuda,0.167043536901474,0.008776664733886719,0.0024261474609375,0.015625,0.00086212158203125,0.015625,0.00262451171875,0.0078125
5,256,128,torch.bfloat16,False,cuda,0.08786529302597046,0.001676797866821289,0.002197265625,0.0078125,0.0007781982421875,0.0078125,0.00262451171875,0.00390625
5,256,128,torch.float16,True,cuda,0.020740265026688576,0.0008220672607421875,0.0002987384796142578,0.001953125,0.0001417398452758789,0.00390625,0.0003337860107421875,0.001953125
5,256,128,torch.float16,False,cuda,0.011091095395386219,0.0002561807632446289,0.0002772808074951172,0.0009765625,0.00010257959365844727,0.0009765625,0.0003306865692138672,0.00048828125
5,256,128,torch.float32,True,cuda,0.09405423700809479,0.00292050838470459,0.0015976151917129755,0.009181976318359375,0.0003870039654430002,0.0031538009643554688,0.0015542797045782208,0.005105733871459961
5,256,128,torch.float32,False,cuda,0.060420624911785126,0.0018264055252075195,0.0017887476133182645,0.003361940383911133,0.0003890882071573287,0.0016696453094482422,0.001847152248956263,0.0022131800651550293
5,512,32,torch.bfloat16,True,cuda,0.09317418187856674,0.0076482295989990234,0.0017547607421875,0.015625,0.000823974609375,0.015625,0.00262451171875,0.0078125
5,512,32,torch.bfloat16,False,cuda,0.04557083174586296,0.001139134168624878,0.001556396484375,0.0078125,0.000659942626953125,0.0078125,0.0026397705078125,0.00390625
5,512,32,torch.float16,True,cuda,0.01142385695129633,0.0008521080017089844,0.00024390220642089844,0.00390625,0.00013947486877441406,0.00390625,0.0003447532653808594,0.0009765625
5,512,32,torch.float16,False,cuda,0.005663315765559673,0.00017392635345458984,0.00019276142120361328,0.0009765625,8.493661880493164e-05,0.0009765625,0.00033402442932128906,0.00048828125
5,512,32,torch.float32,True,cuda,0.05419709533452988,0.0020562410354614258,0.0017041199607774615,0.012204647064208984,0.00041958317160606384,0.00501251220703125,0.0016443802742287517,0.0035060644149780273
5,512,32,torch.float32,False,cuda,0.033053670078516006,0.0014047622680664062,0.0018120543099939823,0.006423234939575195,0.0004221831331960857,0.00244140625,0.0018589184619486332,0.0016300082206726074
5,512,128,torch.bfloat16,True,cuda,0.1816774159669876,0.007490634918212891,0.00225830078125,0.015625,0.0008544921875,0.03125,0.0027008056640625,0.015625
5,512,128,torch.bfloat16,False,cuda,0.09087167680263519,0.0011688470840454102,0.0019989013671875,0.0078125,0.000823974609375,0.0078125,0.0026397705078125,0.00390625
5,512,128,torch.float16,True,cuda,0.022439487278461456,0.0008280277252197266,0.0002818107604980469,0.001953125,8.875131607055664e-05,0.001953125,0.00033545494079589844,0.0009765625
5,512,128,torch.float16,False,cuda,0.011206062510609627,0.0002339482307434082,0.0002524852752685547,0.0009765625,8.100271224975586e-05,0.0009765625,0.00032782554626464844,0.00048828125
5,512,128,torch.float32,True,cuda,0.10811126977205276,0.0024760961532592773,0.001656983746215701,0.007533073425292969,0.00037586907274089754,0.0035996437072753906,0.0016257526585832238,0.0035161972045898438
5,512,128,torch.float32,False,cuda,0.06326515227556229,0.0015747547149658203,0.0018340859096497297,0.0048476457595825195,0.0003805984742939472,0.001477956771850586,0.0019073461880907416,0.00315701961517334
5,1024,32,torch.bfloat16,True,cuda,0.0947985053062439,0.004300594329833984,0.00164031982421875,0.03125,0.000774383544921875,0.03125,0.00274658203125,0.0078125
5,1024,32,torch.bfloat16,False,cuda,0.04829362407326698,0.0009436309337615967,0.0013275146484375,0.0078125,0.000568389892578125,0.0078125,0.0027008056640625,0.001953125
5,1024,32,torch.float16,True,cuda,0.012261158786714077,0.0008466243743896484,0.00020873546600341797,0.00390625,9.953975677490234e-05,0.00390625,0.0003407001495361328,0.0009765625
5,1024,32,torch.float16,False,cuda,0.005798823665827513,0.00012129545211791992,0.0001685619354248047,0.0009765625,7.539987564086914e-05,0.0009765625,0.0003342628479003906,0.000244140625
5,1024,32,torch.float32,True,cuda,0.06068425625562668,0.0026900768280029297,0.00171854707878083,0.013658523559570312,0.0004128650180064142,0.004998683929443359,0.0016281325370073318,0.003080010414123535
5,1024,32,torch.float32,False,cuda,0.0343526192009449,0.0010566413402557373,0.0018313355976715684,0.005880594253540039,0.0004272382066119462,0.0020028352737426758,0.0020272647961974144,0.0015894770622253418
5,1024,128,torch.bfloat16,True,cuda,0.19774822890758514,0.007643699645996094,0.0020599365234375,0.03125,0.000858306884765625,0.03125,0.002685546875,0.0078125
5,1024,128,torch.bfloat16,False,cuda,0.09305568039417267,0.0014384984970092773,0.00177764892578125,0.00390625,0.0006866455078125,0.0078125,0.0026092529296875,0.00390625
5,1024,128,torch.float16,True,cuda,0.024465518072247505,0.0011577606201171875,0.0002586841583251953,0.001953125,8.350610733032227e-05,0.001953125,0.00033092498779296875,0.0009765625
5,1024,128,torch.float16,False,cuda,0.011432303115725517,0.00012925267219543457,0.00022089481353759766,0.00048828125,7.575750350952148e-05,0.0009765625,0.0003237724304199219,0.00048828125
5,1024,128,torch.float32,True,cuda,0.118523508310318,0.002634286880493164,0.0016971114091575146,0.005654573440551758,0.00037513585994020104,0.0044956207275390625,0.0016735155368223786,0.00324249267578125
5,1024,128,torch.float32,False,cuda,0.0651111751794815,0.0010695159435272217,0.0018194952281191945,0.002554178237915039,0.0003746609727386385,0.0010544061660766602,0.001923934556543827,0.0011004805564880371
5,2048,32,torch.bfloat16,True,cuda,0.10497205704450607,0.006568193435668945,0.00141143798828125,0.03125,0.000682830810546875,0.03125,0.002655029296875,0.0078125
5,2048,32,torch.bfloat16,False,cuda,0.047482654452323914,0.0007219910621643066,0.001190185546875,0.0078125,0.000553131103515625,0.0078125,0.0026702880859375,0.0009765625
5,2048,32,torch.float16,True,cuda,0.013218054547905922,0.0007172822952270508,0.00017583370208740234,0.00390625,8.672475814819336e-05,0.00390625,0.0003364086151123047,0.001953125
5,2048,32,torch.float16,False,cuda,0.005847190972417593,7.253885269165039e-05,0.00014507770538330078,0.0009765625,6.16908073425293e-05,0.0009765625,0.00033664703369140625,0.000244140625
5,2048,32,torch.float32,True,cuda,0.06781968474388123,0.0023385286331176758,0.0017769676633179188,0.010564804077148438,0.00042231075349263847,0.006084918975830078,0.0017755350563675165,0.0027055740356445312
5,2048,32,torch.float32,False,cuda,0.034668080508708954,0.000830426812171936,0.0018190519185736775,0.005851030349731445,0.0004215545195620507,0.0019570589065551758,0.00204633641988039,0.0014412999153137207
5,2048,128,torch.bfloat16,True,cuda,0.21372820436954498,0.010385751724243164,0.00188446044921875,0.015625,0.00066375732421875,0.03125,0.00262451171875,0.0078125
5,2048,128,torch.bfloat16,False,cuda,0.09402260184288025,0.0006269961595535278,0.00153350830078125,0.00390625,0.000537872314453125,0.0078125,0.0025787353515625,0.001953125
5,2048,128,torch.float16,True,cuda,0.02625812217593193,0.000835418701171875,0.00023043155670166016,0.001953125,7.408857345581055e-05,0.00390625,0.0003314018249511719,0.001953125
5,2048,128,torch.float16,False,cuda,0.011789903044700623,8.055567741394043e-05,0.00019252300262451172,0.00048828125,7.039308547973633e-05,0.0009765625,0.0003266334533691406,0.0001220703125
5,2048,128,torch.float32,True,cuda,0.13141174614429474,0.002487003803253174,0.0017509047174826264,0.008558273315429688,0.0003762846172321588,0.005603790283203125,0.0017459660302847624,0.003415703773498535
5,2048,128,torch.float32,False,cuda,0.06623979657888412,0.001349717378616333,0.0018136476865038276,0.0032805204391479492,0.0003735412610694766,0.0012151002883911133,0.0019393404945731163,0.0012453198432922363
5,4096,32,torch.bfloat16,True,cuda,0.11136997491121292,0.0068209171295166016,0.00119781494140625,0.03125,0.0005340576171875,0.03125,0.0026397705078125,0.0078125
5,4096,32,torch.bfloat16,False,cuda,0.047360409051179886,0.0004957914352416992,0.000949859619140625,0.0078125,0.0004730224609375,0.0078125,0.002685546875,0.001953125
5,4096,32,torch.float16,True,cuda,0.014115238562226295,0.00095367431640625,0.00016176700592041016,0.0078125,8.398294448852539e-05,0.0078125,0.0003452301025390625,0.0009765625
5,4096,32,torch.float16,False,cuda,0.006045345216989517,6.201863288879395e-05,0.00012254714965820312,0.0009765625,5.561113357543945e-05,0.0009765625,0.0003304481506347656,0.0001220703125
5,4096,32,torch.float32,True,cuda,0.07331192493438721,0.002514362335205078,0.001796102849766612,0.01692676544189453,0.00042680438491515815,0.007951736450195312,0.0018004487501457334,0.003309488296508789
5,4096,32,torch.float32,False,cuda,0.03476947546005249,0.0009802281856536865,0.001822089427150786,0.005763053894042969,0.00042658537859097123,0.0024133920669555664,0.0019966228865087032,0.0014688372611999512
5,4096,128,torch.bfloat16,True,cuda,0.22194735705852509,0.0063991546630859375,0.00164794921875,0.03125,0.000614166259765625,0.0625,0.00262451171875,0.015625
5,4096,128,torch.bfloat16,False,cuda,0.09528983384370804,0.0005112886428833008,0.00131988525390625,0.00390625,0.0004405975341796875,0.0078125,0.0025634765625,0.0009765625
5,4096,128,torch.float16,True,cuda,0.028035718947649002,0.0009660720825195312,0.00020205974578857422,0.001953125,6.538629531860352e-05,0.00390625,0.0003261566162109375,0.0009765625
5,4096,128,torch.float16,False,cuda,0.011869024485349655,7.304549217224121e-05,0.000164031982421875,0.00048828125,5.733966827392578e-05,0.0009765625,0.0003247261047363281,0.0001220703125
5,4096,128,torch.float32,True,cuda,0.1447572410106659,0.003751993179321289,0.001773970085196197,0.01065826416015625,0.00038133375346660614,0.0046825408935546875,0.001753015792928636,0.004220724105834961
5,4096,128,torch.float32,False,cuda,0.06721282005310059,0.0006507933139801025,0.0018074993276968598,0.0029714107513427734,0.00037611747393384576,0.0010875463485717773,0.0019561825320124626,0.0007454901933670044
5,8192,32,torch.bfloat16,True,cuda,0.12069597095251083,0.0054357051849365234,0.001068115234375,0.03125,0.000453948974609375,0.03125,0.002685546875,0.0078125
5,8192,32,torch.bfloat16,False,cuda,0.04842236638069153,0.000332564115524292,0.00081634521484375,0.0078125,0.000377655029296875,0.0078125,0.0026397705078125,0.0009765625
5,8192,32,torch.float16,True,cuda,0.015081729739904404,0.0005693435668945312,0.00012993812561035156,0.00390625,8.982419967651367e-05,0.0078125,0.0003399848937988281,0.001953125
5,8192,32,torch.float16,False,cuda,0.006073694210499525,3.986060619354248e-05,0.00010216236114501953,0.0009765625,4.488229751586914e-05,0.0009765625,0.00032901763916015625,0.0001220703125
5,8192,32,torch.float32,True,cuda,0.07937317341566086,0.0023344755172729492,0.0018035871908068657,0.01622295379638672,0.0004450540873222053,0.007997512817382812,0.0018164259381592274,0.002742290496826172
5,8192,32,torch.float32,False,cuda,0.03526286408305168,0.0005072504281997681,0.001824470004066825,0.00589442253112793,0.00043552537681534886,0.002399921417236328,0.0020643158350139856,0.0008299946784973145
5,8192,128,torch.bfloat16,True,cuda,0.24052651226520538,0.00834512710571289,0.00142669677734375,0.03125,0.00048828125,0.0625,0.00262451171875,0.015625
5,8192,128,torch.bfloat16,False,cuda,0.09559652954339981,0.0003872513771057129,0.0011138916015625,0.0078125,0.0003681182861328125,0.0078125,0.0025787353515625,0.0009765625
5,8192,128,torch.float16,True,cuda,0.02977610193192959,0.000949859619140625,0.00017726421356201172,0.00390625,9.268522262573242e-05,0.00390625,0.0003311634063720703,0.001953125
5,8192,128,torch.float16,False,cuda,0.011971562169492245,4.398822784423828e-05,0.00013959407806396484,0.0009765625,5.030632019042969e-05,0.0009765625,0.00032329559326171875,6.103515625e-05
5,8192,128,torch.float32,True,cuda,0.15533919632434845,0.0033915042877197266,0.0017816865583881736,0.0143280029296875,0.00039878362440504134,0.005558013916015625,0.0017749971011653543,0.003161787986755371
5,8192,128,torch.float32,False,cuda,0.06837084889411926,0.0004042387008666992,0.0018036689143627882,0.003105640411376953,0.0003850244975183159,0.0011113882064819336,0.001970964018255472,0.0008867233991622925
