sequence_length,model_dimension,precision,forward_time,backward_time,implementation
128,16,torch.bfloat16,0.0004732251167297363,0.0016708612442016602,triton_kernel
128,16,torch.bfloat16,0.021014511585235596,0.0028510212898254393,pytorch_naive
128,16,torch.bfloat16,0.012699317932128907,0.002579915523529053,pytorch_scaled_dot_product_attention
128,16,torch.float16,0.0001412034034729004,0.0024005770683288574,triton_kernel
128,16,torch.float16,0.010822582244873046,0.0024502396583557127,pytorch_naive
128,16,torch.float16,0.014370393753051759,0.0027002453804016112,pytorch_scaled_dot_product_attention
128,16,torch.float32,0.0002965211868286133,0.0026677966117858885,triton_kernel
128,16,torch.float32,0.012614262104034425,0.0013718008995056152,pytorch_naive
128,16,torch.float32,0.030938887596130372,0.002125978469848633,pytorch_scaled_dot_product_attention
128,32,torch.bfloat16,0.00029337406158447266,0.0027480125427246094,triton_kernel
128,32,torch.bfloat16,0.03848077058792114,0.002695810794830322,pytorch_naive
128,32,torch.bfloat16,0.03988547325134277,0.0026764512062072755,pytorch_scaled_dot_product_attention
128,32,torch.float16,0.00029357671737670896,0.002801358699798584,triton_kernel
128,32,torch.float16,0.00047941207885742186,0.0027718663215637205,pytorch_naive
128,32,torch.float16,0.0007475376129150391,0.002615201473236084,pytorch_scaled_dot_product_attention
128,32,torch.float32,0.0002623438835144043,0.0025118589401245117,triton_kernel
128,32,torch.float32,0.0004671335220336914,0.0025182366371154785,pytorch_naive
128,32,torch.float32,0.0005203723907470703,0.0024734258651733397,pytorch_scaled_dot_product_attention
128,64,torch.bfloat16,0.00031032562255859373,0.002737700939178467,triton_kernel
128,64,torch.bfloat16,0.0003955245018005371,0.002731990814208984,pytorch_naive
128,64,torch.bfloat16,0.0006263017654418946,0.0027605533599853516,pytorch_scaled_dot_product_attention
128,64,torch.float16,0.00028303861618041994,0.00273512601852417,triton_kernel
128,64,torch.float16,0.000506591796875,0.0027077794075012207,pytorch_naive
128,64,torch.float16,0.0006301164627075196,0.0027923822402954102,pytorch_scaled_dot_product_attention
128,64,torch.float32,0.00031017065048217775,0.002613961696624756,triton_kernel
128,64,torch.float32,0.0004919052124023437,0.0025283217430114744,pytorch_naive
128,64,torch.float32,0.0005001425743103027,0.0025023460388183595,pytorch_scaled_dot_product_attention
128,128,torch.bfloat16,0.00029120445251464846,0.0028904199600219725,triton_kernel
128,128,torch.bfloat16,0.0003896117210388184,0.002855253219604492,pytorch_naive
128,128,torch.bfloat16,0.0006525993347167968,0.0029842376708984373,pytorch_scaled_dot_product_attention
128,128,torch.float16,0.00031131505966186523,0.002734208106994629,triton_kernel
128,128,torch.float16,0.000591576099395752,0.002255070209503174,pytorch_naive
128,128,torch.float16,0.0006777644157409668,0.0028438448905944826,pytorch_scaled_dot_product_attention
128,128,torch.float32,0.0002526521682739258,0.00254969596862793,triton_kernel
128,128,torch.float32,0.00029835700988769533,0.002002084255218506,pytorch_naive
128,128,torch.float32,0.00045288801193237304,0.0025004267692565916,pytorch_scaled_dot_product_attention
128,256,torch.bfloat16,0.0001424551010131836,0.002204418182373047,triton_kernel
128,256,torch.bfloat16,0.00022287368774414061,0.002005124092102051,pytorch_naive
128,256,torch.bfloat16,0.0004127025604248047,0.002275228500366211,pytorch_scaled_dot_product_attention
128,256,torch.float16,0.00027141571044921877,0.0027993440628051756,triton_kernel
128,256,torch.float16,0.000507962703704834,0.002770388126373291,pytorch_naive
128,256,torch.float16,0.0006406784057617187,0.0029001951217651365,pytorch_scaled_dot_product_attention
128,256,torch.float32,0.0003481268882751465,0.0026790142059326173,triton_kernel
128,256,torch.float32,0.0004517674446105957,0.002165341377258301,pytorch_naive
128,256,torch.float32,0.0005097270011901855,0.0025638699531555175,pytorch_scaled_dot_product_attention
256,16,torch.bfloat16,0.0002677440643310547,0.002636885643005371,triton_kernel
256,16,torch.bfloat16,0.0005614280700683594,0.0030416011810302734,pytorch_naive
256,16,torch.bfloat16,0.0006633877754211425,0.0028644919395446776,pytorch_scaled_dot_product_attention
256,16,torch.float16,0.00032520294189453125,0.0028395295143127442,triton_kernel
256,16,torch.float16,0.0005906343460083008,0.0029149293899536134,pytorch_naive
256,16,torch.float16,0.0006837129592895507,0.002896463871002197,pytorch_scaled_dot_product_attention
256,16,torch.float32,0.0003077387809753418,0.0025799036026000976,triton_kernel
256,16,torch.float32,0.0005073785781860351,0.00260695219039917,pytorch_naive
256,16,torch.float32,0.0005805611610412598,0.0026153802871704103,pytorch_scaled_dot_product_attention
256,32,torch.bfloat16,0.0003625988960266113,0.0028829216957092286,triton_kernel
256,32,torch.bfloat16,0.0004937171936035157,0.002657008171081543,pytorch_naive
256,32,torch.bfloat16,0.0006122589111328125,0.0029439449310302733,pytorch_scaled_dot_product_attention
256,32,torch.float16,0.0003201723098754883,0.0028946995735168457,triton_kernel
256,32,torch.float16,0.0005836367607116699,0.002838313579559326,pytorch_naive
256,32,torch.float16,0.0008151054382324219,0.0027684807777404786,pytorch_scaled_dot_product_attention
256,32,torch.float32,0.00025069713592529297,0.002088773250579834,triton_kernel
256,32,torch.float32,0.0004906415939331055,0.0024534225463867187,pytorch_naive
256,32,torch.float32,0.000587916374206543,0.0026697874069213866,pytorch_scaled_dot_product_attention
256,64,torch.bfloat16,0.00013471841812133788,0.002019453048706055,triton_kernel
256,64,torch.bfloat16,0.0005621075630187988,0.002626287937164307,pytorch_naive
256,64,torch.bfloat16,0.0003867387771606445,0.00231630802154541,pytorch_scaled_dot_product_attention
256,64,torch.float16,0.00026761293411254884,0.002682662010192871,triton_kernel
256,64,torch.float16,0.000507962703704834,0.002667057514190674,pytorch_naive
256,64,torch.float16,0.0006883502006530762,0.0029943227767944337,pytorch_scaled_dot_product_attention
256,64,torch.float32,0.00034208297729492186,0.0026145696640014647,triton_kernel
256,64,torch.float32,0.0004719734191894531,0.0025968194007873536,pytorch_naive
256,64,torch.float32,0.0005574464797973633,0.002736973762512207,pytorch_scaled_dot_product_attention
256,128,torch.bfloat16,0.0002748847007751465,0.002616691589355469,triton_kernel
256,128,torch.bfloat16,0.0005274891853332519,0.00277484655380249,pytorch_naive
256,128,torch.bfloat16,0.0006788730621337891,0.002919936180114746,pytorch_scaled_dot_product_attention
256,128,torch.float16,0.000401461124420166,0.0031605958938598633,triton_kernel
256,128,torch.float16,0.0004894852638244629,0.002431797981262207,pytorch_naive
256,128,torch.float16,0.0006347894668579102,0.0028730392456054687,pytorch_scaled_dot_product_attention
256,128,torch.float32,0.0003174901008605957,0.0026381850242614747,triton_kernel
256,128,torch.float32,0.0005330204963684082,0.0026913881301879883,pytorch_naive
256,128,torch.float32,0.0003346085548400879,0.0018635988235473633,pytorch_scaled_dot_product_attention
256,256,torch.bfloat16,0.0003911733627319336,0.002545440196990967,triton_kernel
256,256,torch.bfloat16,0.0005700945854187012,0.0029098153114318847,pytorch_naive
256,256,torch.bfloat16,0.0006821513175964356,0.0028673291206359865,pytorch_scaled_dot_product_attention
256,256,torch.float16,0.0004402041435241699,0.0028214097023010255,triton_kernel
256,256,torch.float16,0.0005684971809387207,0.003016340732574463,pytorch_naive
256,256,torch.float16,0.0008348464965820312,0.0030052781105041502,pytorch_scaled_dot_product_attention
256,256,torch.float32,0.0006022214889526367,0.002738463878631592,triton_kernel
256,256,torch.float32,0.0005334258079528808,0.0026663899421691894,pytorch_naive
256,256,torch.float32,0.0005710244178771973,0.0026770472526550294,pytorch_scaled_dot_product_attention
512,16,torch.bfloat16,0.00032343864440917967,0.002925717830657959,triton_kernel
512,16,torch.bfloat16,0.0005885720252990723,0.002803027629852295,pytorch_naive
512,16,torch.bfloat16,0.000747835636138916,0.003149712085723877,pytorch_scaled_dot_product_attention
512,16,torch.float16,0.0003188014030456543,0.0028528451919555666,triton_kernel
512,16,torch.float16,0.0005506515502929687,0.0028763771057128905,pytorch_naive
512,16,torch.float16,0.0007134914398193359,0.0029628872871398926,pytorch_scaled_dot_product_attention
512,16,torch.float32,0.0002950310707092285,0.0026424407958984377,triton_kernel
512,16,torch.float32,0.00046885013580322266,0.002660620212554932,pytorch_naive
512,16,torch.float32,0.0006205201148986817,0.0027061939239501954,pytorch_scaled_dot_product_attention
512,32,torch.bfloat16,0.00031729936599731443,0.002850246429443359,triton_kernel
512,32,torch.bfloat16,0.0005553722381591797,0.00287020206451416,pytorch_naive
512,32,torch.bfloat16,0.000723886489868164,0.003083312511444092,pytorch_scaled_dot_product_attention
512,32,torch.float16,0.00030661821365356444,0.002805161476135254,triton_kernel
512,32,torch.float16,0.0005466461181640625,0.0028758645057678223,pytorch_naive
512,32,torch.float16,0.0008501887321472168,0.0028902173042297365,pytorch_scaled_dot_product_attention
512,32,torch.float32,0.0003237366676330566,0.0026076436042785645,triton_kernel
512,32,torch.float32,0.0004922151565551758,0.002695298194885254,pytorch_naive
512,32,torch.float32,0.0006169676780700684,0.0027362823486328123,pytorch_scaled_dot_product_attention
512,64,torch.bfloat16,0.0003921151161193848,0.003019607067108154,triton_kernel
512,64,torch.bfloat16,0.0006348609924316407,0.003023278713226318,pytorch_naive
512,64,torch.bfloat16,0.0005024075508117676,0.0025898098945617678,pytorch_scaled_dot_product_attention
512,64,torch.float16,0.0002761960029602051,0.002774989604949951,triton_kernel
512,64,torch.float16,0.0006267309188842773,0.0029038071632385256,pytorch_naive
512,64,torch.float16,0.0004644870758056641,0.002430224418640137,pytorch_scaled_dot_product_attention
512,64,torch.float32,0.00038803815841674804,0.0024941086769104002,triton_kernel
512,64,torch.float32,0.00047284364700317383,0.0026667118072509766,pytorch_naive
512,64,torch.float32,0.0005680799484252929,0.002682793140411377,pytorch_scaled_dot_product_attention
512,128,torch.bfloat16,0.0003188967704772949,0.002546060085296631,triton_kernel
512,128,torch.bfloat16,0.0004706025123596191,0.0027561306953430174,pytorch_naive
512,128,torch.bfloat16,0.0004726409912109375,0.0024832844734191894,pytorch_scaled_dot_product_attention
512,128,torch.float16,0.0002335190773010254,0.002529251575469971,triton_kernel
512,128,torch.float16,0.0005332350730895997,0.002705979347229004,pytorch_naive
512,128,torch.float16,0.0006847262382507324,0.0029941082000732424,pytorch_scaled_dot_product_attention
512,128,torch.float32,0.0003568768501281738,0.002613377571105957,triton_kernel
512,128,torch.float32,0.0005280137062072754,0.0026879310607910156,pytorch_naive
512,128,torch.float32,0.0005711674690246582,0.0026960849761962892,pytorch_scaled_dot_product_attention
512,256,torch.bfloat16,0.0006032586097717285,0.0029209136962890627,triton_kernel
512,256,torch.bfloat16,0.0005389571189880372,0.002749776840209961,pytorch_naive
512,256,torch.bfloat16,0.0006313920021057129,0.002947831153869629,pytorch_scaled_dot_product_attention
512,256,torch.float16,0.0003193497657775879,0.0017470955848693849,triton_kernel
512,256,torch.float16,0.00048410892486572266,0.002670741081237793,pytorch_naive
512,256,torch.float16,0.0006333231925964355,0.0029634714126586916,pytorch_scaled_dot_product_attention
512,256,torch.float32,0.000419926643371582,0.0026584148406982424,triton_kernel
512,256,torch.float32,0.0004936456680297852,0.0026844501495361327,pytorch_naive
512,256,torch.float32,0.0005318403244018554,0.0022509455680847167,pytorch_scaled_dot_product_attention
1024,16,torch.bfloat16,0.00032001733779907227,0.002887988090515137,triton_kernel
1024,16,torch.bfloat16,0.0005119919776916503,0.002771127223968506,pytorch_naive
1024,16,torch.bfloat16,0.0006555438041687012,0.003005397319793701,pytorch_scaled_dot_product_attention
1024,16,torch.float16,0.00032190084457397463,0.002928006649017334,triton_kernel
1024,16,torch.float16,0.0006297469139099121,0.003004312515258789,pytorch_naive
1024,16,torch.float16,0.000671684741973877,0.0028617143630981444,pytorch_scaled_dot_product_attention
1024,16,torch.float32,0.0002737879753112793,0.002132225036621094,triton_kernel
1024,16,torch.float32,0.0004894733428955078,0.0026640534400939942,pytorch_naive
1024,16,torch.float32,0.0005683064460754395,0.002688133716583252,pytorch_scaled_dot_product_attention
1024,32,torch.bfloat16,0.000294041633605957,0.002586054801940918,triton_kernel
1024,32,torch.bfloat16,0.0006611227989196777,0.0031870126724243162,pytorch_naive
1024,32,torch.bfloat16,0.0008441686630249023,0.0033489108085632325,pytorch_scaled_dot_product_attention
1024,32,torch.float16,0.00048308372497558595,0.002883434295654297,triton_kernel
1024,32,torch.float16,0.00034137964248657224,0.0023947954177856445,pytorch_naive
1024,32,torch.float16,0.0006349086761474609,0.002839910984039307,pytorch_scaled_dot_product_attention
1024,32,torch.float32,0.00018236637115478515,0.002203488349914551,triton_kernel
1024,32,torch.float32,0.00033314228057861327,0.0022496938705444335,pytorch_naive
1024,32,torch.float32,0.0004680752754211426,0.002562248706817627,pytorch_scaled_dot_product_attention
1024,64,torch.bfloat16,0.0002696514129638672,0.002759099006652832,triton_kernel
1024,64,torch.bfloat16,0.0005362749099731446,0.002827465534210205,pytorch_naive
1024,64,torch.bfloat16,0.000650489330291748,0.002982509136199951,pytorch_scaled_dot_product_attention
1024,64,torch.float16,0.00018204450607299804,0.0027211546897888184,triton_kernel
1024,64,torch.float16,0.0005583047866821289,0.002024710178375244,pytorch_naive
1024,64,torch.float16,0.000632333755493164,0.0028779268264770507,pytorch_scaled_dot_product_attention
1024,64,torch.float32,0.000276029109954834,0.002319824695587158,triton_kernel
1024,64,torch.float32,0.0004567146301269531,0.0026596903800964354,pytorch_naive
1024,64,torch.float32,0.0005660772323608399,0.0027247190475463865,pytorch_scaled_dot_product_attention
1024,128,torch.bfloat16,0.00045598745346069335,0.0028847813606262206,triton_kernel
1024,128,torch.bfloat16,0.0003416180610656738,0.0024582386016845704,pytorch_naive
1024,128,torch.bfloat16,0.0007588148117065429,0.0027505159378051758,pytorch_scaled_dot_product_attention
1024,128,torch.float16,0.0004079461097717285,0.0029199957847595216,triton_kernel
1024,128,torch.float16,0.0005580306053161622,0.0028935909271240235,pytorch_naive
1024,128,torch.float16,0.000608980655670166,0.0018980026245117188,pytorch_scaled_dot_product_attention
1024,128,torch.float32,0.00030760765075683595,0.0027472615242004395,triton_kernel
1024,128,torch.float32,0.0004981637001037597,0.002691054344177246,pytorch_naive
1024,128,torch.float32,0.0005721449851989746,0.0028844356536865236,pytorch_scaled_dot_product_attention
1024,256,torch.bfloat16,0.000321805477142334,0.0021949052810668946,triton_kernel
1024,256,torch.bfloat16,0.0005345463752746582,0.002760148048400879,pytorch_naive
1024,256,torch.bfloat16,0.000654590129852295,0.0029442191123962404,pytorch_scaled_dot_product_attention
1024,256,torch.float16,0.0007192730903625488,0.0029473423957824705,triton_kernel
1024,256,torch.float16,0.0004885554313659668,0.002728581428527832,pytorch_naive
1024,256,torch.float16,0.0006475329399108886,0.0023342132568359374,pytorch_scaled_dot_product_attention
1024,256,torch.float32,0.0004853963851928711,0.00267869234085083,triton_kernel
1024,256,torch.float32,0.0006426811218261719,0.002734804153442383,pytorch_naive
1024,256,torch.float32,0.0005587935447692871,0.0027922749519348144,pytorch_scaled_dot_product_attention
2048,16,torch.bfloat16,0.0003162384033203125,0.002939164638519287,triton_kernel
2048,16,torch.bfloat16,0.000639498233795166,0.0029857397079467774,pytorch_naive
2048,16,torch.bfloat16,0.0008438587188720703,0.0030142664909362793,pytorch_scaled_dot_product_attention
2048,16,torch.float16,0.0002921342849731445,0.002798938751220703,triton_kernel
2048,16,torch.float16,0.0006749391555786133,0.0028463244438171388,pytorch_naive
2048,16,torch.float16,0.0007940411567687988,0.0029079675674438476,pytorch_scaled_dot_product_attention
2048,16,torch.float32,0.00029311180114746096,0.002114522457122803,triton_kernel
2048,16,torch.float32,0.0005535125732421875,0.002592611312866211,pytorch_naive
2048,16,torch.float32,0.0007716894149780273,0.0029386281967163086,pytorch_scaled_dot_product_attention
2048,32,torch.bfloat16,0.0003775358200073242,0.0030297279357910157,triton_kernel
2048,32,torch.bfloat16,0.0006049275398254395,0.0029015660285949705,pytorch_naive
2048,32,torch.bfloat16,0.000851130485534668,0.0032029509544372558,pytorch_scaled_dot_product_attention
2048,32,torch.float16,0.000370943546295166,0.0029389023780822753,triton_kernel
2048,32,torch.float16,0.0005780458450317383,0.0030367255210876467,pytorch_naive
2048,32,torch.float16,0.0008741617202758789,0.0030108928680419923,pytorch_scaled_dot_product_attention
2048,32,torch.float32,0.00038453340530395506,0.002695035934448242,triton_kernel
2048,32,torch.float32,0.0006271839141845703,0.0029579997062683105,pytorch_naive
2048,32,torch.float32,0.0007121920585632324,0.0026671290397644043,pytorch_scaled_dot_product_attention
2048,64,torch.bfloat16,0.00035310983657836913,0.00289992094039917,triton_kernel
2048,64,torch.bfloat16,0.0006614327430725098,0.0030721545219421385,pytorch_naive
2048,64,torch.bfloat16,0.0008620738983154297,0.0029912471771240236,pytorch_scaled_dot_product_attention
2048,64,torch.float16,0.0003795027732849121,0.002763664722442627,triton_kernel
2048,64,torch.float16,0.000557553768157959,0.0027242302894592285,pytorch_naive
2048,64,torch.float16,0.000808262825012207,0.0028241515159606934,pytorch_scaled_dot_product_attention
2048,64,torch.float32,0.0003638148307800293,0.0026657581329345703,triton_kernel
2048,64,torch.float32,0.0006063461303710937,0.002859640121459961,pytorch_naive
2048,64,torch.float32,0.0007273316383361817,0.0028008937835693358,pytorch_scaled_dot_product_attention
2048,128,torch.bfloat16,0.0003512382507324219,0.0028888940811157226,triton_kernel
2048,128,torch.bfloat16,0.0006481289863586425,0.002746546268463135,pytorch_naive
2048,128,torch.bfloat16,0.0008903145790100098,0.003029167652130127,pytorch_scaled_dot_product_attention
2048,128,torch.float16,0.0004118204116821289,0.0026813507080078124,triton_kernel
2048,128,torch.float16,0.0006443738937377929,0.002875363826751709,pytorch_naive
2048,128,torch.float16,0.0008723855018615723,0.0029677748680114746,pytorch_scaled_dot_product_attention
2048,128,torch.float32,0.0003969550132751465,0.002750718593597412,triton_kernel
2048,128,torch.float32,0.0006013631820678711,0.0026881933212280274,pytorch_naive
2048,128,torch.float32,0.0007954835891723633,0.002687406539916992,pytorch_scaled_dot_product_attention
2048,256,torch.bfloat16,0.0005269646644592285,0.0029081106185913086,triton_kernel
2048,256,torch.bfloat16,0.0007673978805541992,0.002915465831756592,pytorch_naive
2048,256,torch.bfloat16,0.0009769082069396972,0.0028540968894958498,pytorch_scaled_dot_product_attention
2048,256,torch.float16,0.00042549371719360354,0.002832627296447754,triton_kernel
2048,256,torch.float16,0.000594925880432129,0.003036308288574219,pytorch_naive
2048,256,torch.float16,0.001073145866394043,0.0029624462127685546,pytorch_scaled_dot_product_attention
2048,256,torch.float32,0.0007191181182861328,0.0036069631576538088,triton_kernel
2048,256,torch.float32,0.000697636604309082,0.00272747278213501,pytorch_naive
2048,256,torch.float32,0.0008665084838867188,0.002552342414855957,pytorch_scaled_dot_product_attention
4096,16,torch.bfloat16,0.00034731626510620117,0.002778434753417969,triton_kernel
4096,16,torch.bfloat16,0.0013146638870239259,0.0032563209533691406,pytorch_naive
4096,16,torch.bfloat16,0.001986122131347656,0.0033334732055664063,pytorch_scaled_dot_product_attention
4096,16,torch.float16,0.00023260116577148438,0.002293860912322998,triton_kernel
4096,16,torch.float16,0.001087820529937744,0.0026993870735168455,pytorch_naive
4096,16,torch.float16,0.0019926905632019045,0.0032616257667541504,pytorch_scaled_dot_product_attention
4096,16,torch.float32,0.00026880502700805665,0.0020749568939208984,triton_kernel
4096,16,torch.float32,0.0013175010681152344,0.003268146514892578,pytorch_naive
4096,16,torch.float32,0.0016968488693237306,0.0030739426612854002,pytorch_scaled_dot_product_attention
4096,32,torch.bfloat16,0.0003047466278076172,0.0024269819259643555,triton_kernel
4096,32,torch.bfloat16,0.0013157129287719727,0.0032150626182556154,pytorch_naive
4096,32,torch.bfloat16,0.001939249038696289,0.0033506989479064942,pytorch_scaled_dot_product_attention
4096,32,torch.float16,0.00040248632431030276,0.002768576145172119,triton_kernel
4096,32,torch.float16,0.001144075393676758,0.003168153762817383,pytorch_naive
4096,32,torch.float16,0.001975417137145996,0.003351867198944092,pytorch_scaled_dot_product_attention
4096,32,torch.float32,0.0003948807716369629,0.0018264055252075195,triton_kernel
4096,32,torch.float32,0.0013229489326477052,0.0033158183097839354,pytorch_naive
4096,32,torch.float32,0.0016865253448486329,0.003082466125488281,pytorch_scaled_dot_product_attention
4096,64,torch.bfloat16,0.0004696011543273926,0.002958023548126221,triton_kernel
4096,64,torch.bfloat16,0.0013962745666503905,0.00340726375579834,pytorch_naive
4096,64,torch.bfloat16,0.002002537250518799,0.003525400161743164,pytorch_scaled_dot_product_attention
4096,64,torch.float16,0.00045396089553833007,0.0027257442474365235,triton_kernel
4096,64,torch.float16,0.0011861681938171386,0.0029065489768981935,pytorch_naive
4096,64,torch.float16,0.001957535743713379,0.003493773937225342,pytorch_scaled_dot_product_attention
4096,64,torch.float32,0.0005124568939208985,0.0026030778884887696,triton_kernel
4096,64,torch.float32,0.0014184236526489258,0.0034825682640075685,pytorch_naive
4096,64,torch.float32,0.001795017719268799,0.003274869918823242,pytorch_scaled_dot_product_attention
4096,128,torch.bfloat16,0.0004942893981933593,0.003347790241241455,triton_kernel
4096,128,torch.bfloat16,0.0013929128646850586,0.00325242280960083,pytorch_naive
4096,128,torch.bfloat16,0.002127516269683838,0.003935718536376953,pytorch_scaled_dot_product_attention
4096,128,torch.float16,0.0004871129989624023,0.0032354235649108888,triton_kernel
4096,128,torch.float16,0.0011821031570434571,0.003113234043121338,pytorch_naive
4096,128,torch.float16,0.002202737331390381,0.003967607021331787,pytorch_scaled_dot_product_attention
4096,128,torch.float32,0.0007468461990356445,0.003267204761505127,triton_kernel
4096,128,torch.float32,0.0015458941459655761,0.003903400897979736,pytorch_naive
4096,128,torch.float32,0.0018995285034179687,0.0036861538887023927,pytorch_scaled_dot_product_attention
4096,256,torch.bfloat16,0.0008889079093933105,0.004496562480926514,triton_kernel
4096,256,torch.bfloat16,0.0013632774353027344,0.003274989128112793,pytorch_naive
4096,256,torch.bfloat16,0.0025109291076660157,0.005090653896331787,pytorch_scaled_dot_product_attention
4096,256,torch.float16,0.0009707093238830566,0.00369948148727417,triton_kernel
4096,256,torch.float16,0.0011980533599853516,0.0027808308601379394,pytorch_naive
4096,256,torch.float16,0.002491307258605957,0.005033361911773682,pytorch_scaled_dot_product_attention
4096,256,torch.float32,0.0011514663696289063,0.006819760799407959,triton_kernel
4096,256,torch.float32,0.0019099116325378418,0.004994118213653564,pytorch_naive
4096,256,torch.float32,0.002292966842651367,0.004858827590942383,pytorch_scaled_dot_product_attention
8192,16,torch.bfloat16,0.0005439162254333496,0.002235078811645508,triton_kernel
8192,16,torch.bfloat16,0.004713499546051025,0.011505961418151855,pytorch_naive
8192,16,torch.bfloat16,0.006916439533233643,0.012173771858215332,pytorch_scaled_dot_product_attention
8192,16,torch.float16,0.0004717111587524414,0.0021042704582214357,triton_kernel
8192,16,torch.float16,0.0038220882415771484,0.00967777967453003,pytorch_naive
8192,16,torch.float16,0.006910765171051025,0.01215590238571167,pytorch_scaled_dot_product_attention
8192,16,torch.float32,0.0006453394889831543,0.0022138357162475586,triton_kernel
8192,16,torch.float32,0.004764127731323242,0.0120391845703125,pytorch_naive
8192,16,torch.float32,0.006172013282775879,0.011407303810119628,pytorch_scaled_dot_product_attention
8192,32,torch.bfloat16,0.000656735897064209,0.002119278907775879,triton_kernel
8192,32,torch.bfloat16,0.004706680774688721,0.011479902267456054,pytorch_naive
8192,32,torch.bfloat16,0.0069313526153564455,0.012216794490814208,pytorch_scaled_dot_product_attention
8192,32,torch.float16,0.0006728649139404296,0.0023981451988220213,triton_kernel
8192,32,torch.float16,0.003826546669006348,0.009673011302947999,pytorch_naive
8192,32,torch.float16,0.006923651695251465,0.012221848964691162,pytorch_scaled_dot_product_attention
8192,32,torch.float32,0.0007634401321411133,0.0022809505462646484,triton_kernel
8192,32,torch.float32,0.004760730266571045,0.0121087908744812,pytorch_naive
8192,32,torch.float32,0.00619654655456543,0.011454832553863526,pytorch_scaled_dot_product_attention
8192,64,torch.bfloat16,0.0007759690284729004,0.0033254265785217286,triton_kernel
8192,64,torch.bfloat16,0.004759383201599121,0.011628425121307373,pytorch_naive
8192,64,torch.bfloat16,0.0071672797203063965,0.012904071807861328,pytorch_scaled_dot_product_attention
8192,64,torch.float16,0.0007077813148498535,0.0032607436180114744,triton_kernel
8192,64,torch.float16,0.0038796424865722655,0.009783673286437988,pytorch_naive
8192,64,torch.float16,0.00716010332107544,0.012856733798980714,pytorch_scaled_dot_product_attention
8192,64,torch.float32,0.001031184196472168,0.0033612728118896486,triton_kernel
8192,64,torch.float32,0.005016040802001953,0.012753462791442871,pytorch_naive
8192,64,torch.float32,0.006412196159362793,0.012092685699462891,pytorch_scaled_dot_product_attention
8192,128,torch.bfloat16,0.0009718775749206543,0.005078840255737305,triton_kernel
8192,128,torch.bfloat16,0.0048048973083496095,0.011692285537719727,pytorch_naive
8192,128,torch.bfloat16,0.007616794109344483,0.014100027084350587,pytorch_scaled_dot_product_attention
8192,128,torch.float16,0.0010075688362121582,0.005094337463378906,triton_kernel
8192,128,torch.float16,0.003911757469177246,0.009846460819244385,pytorch_naive
8192,128,torch.float16,0.007617270946502686,0.014104640483856202,pytorch_scaled_dot_product_attention
8192,128,torch.float32,0.0015822172164916993,0.005715298652648926,triton_kernel
8192,128,torch.float32,0.005442559719085693,0.013997018337249756,pytorch_naive
8192,128,torch.float32,0.006861042976379394,0.013373839855194091,pytorch_scaled_dot_product_attention
8192,256,torch.bfloat16,0.0017029523849487304,0.010341525077819824,triton_kernel
8192,256,torch.bfloat16,0.005133092403411865,0.012585735321044922,pytorch_naive
8192,256,torch.bfloat16,0.009239959716796874,0.018712449073791503,pytorch_scaled_dot_product_attention
8192,256,torch.float16,0.0016721367835998535,0.010320436954498292,triton_kernel
8192,256,torch.float16,0.00429844856262207,0.010861635208129883,pytorch_naive
8192,256,torch.float16,0.009240376949310302,0.01879221200942993,pytorch_scaled_dot_product_attention
8192,256,torch.float32,0.003855729103088379,0.02526904344558716,triton_kernel
8192,256,torch.float32,0.007169759273529053,0.0188301682472229,pytorch_naive
8192,256,torch.float32,0.008589482307434082,0.01820108890533447,pytorch_scaled_dot_product_attention
16384,16,torch.bfloat16,0.0012002348899841308,0.005058836936950683,triton_kernel
16384,16,torch.bfloat16,0.019240140914916992,0.0460354208946228,pytorch_naive
16384,16,torch.bfloat16,0.027933692932128905,0.04888321161270141,pytorch_scaled_dot_product_attention
16384,16,torch.float16,0.0012070775032043458,0.00513077974319458,triton_kernel
16384,16,torch.float16,0.015500211715698242,0.038528823852539064,pytorch_naive
16384,16,torch.float16,0.028033578395843507,0.04883919954299927,pytorch_scaled_dot_product_attention
16384,16,torch.float32,0.0017199039459228516,0.0055490612983703615,triton_kernel
16384,16,torch.float32,0.01945180892944336,0.04846984148025513,pytorch_naive
16384,16,torch.float32,0.02509413957595825,0.04597275257110596,pytorch_scaled_dot_product_attention
16384,32,torch.bfloat16,0.0019045472145080566,0.0070639848709106445,triton_kernel
16384,32,torch.bfloat16,0.01926213502883911,0.0462030291557312,pytorch_naive
16384,32,torch.bfloat16,0.0283186674118042,0.04940311908721924,pytorch_scaled_dot_product_attention
16384,32,torch.float16,0.0019394874572753907,0.007138550281524658,triton_kernel
16384,32,torch.float16,0.015396368503570557,0.03839906454086304,pytorch_naive
16384,32,torch.float16,0.028264844417572023,0.04938024282455444,pytorch_scaled_dot_product_attention
16384,32,torch.float32,0.0022217512130737306,0.006603753566741944,triton_kernel
16384,32,torch.float32,0.01974903345108032,0.049080610275268555,pytorch_naive
16384,32,torch.float32,0.025381219387054444,0.046508502960205075,pytorch_scaled_dot_product_attention
16384,64,torch.bfloat16,0.002154719829559326,0.010530734062194824,triton_kernel
16384,64,torch.bfloat16,0.01946495771408081,0.04657222032546997,pytorch_naive
16384,64,torch.bfloat16,0.028791773319244384,0.05074259042739868,pytorch_scaled_dot_product_attention
16384,64,torch.float16,0.002139151096343994,0.010657715797424316,triton_kernel
16384,64,torch.float16,0.015826332569122314,0.03937230110168457,pytorch_naive
16384,64,torch.float16,0.028851640224456788,0.0508836030960083,pytorch_scaled_dot_product_attention
16384,64,torch.float32,0.0031548023223876955,0.010966730117797852,triton_kernel
16384,64,torch.float32,0.020307064056396484,0.05041052103042602,pytorch_naive
16384,64,torch.float32,0.025922513008117674,0.047871077060699464,pytorch_scaled_dot_product_attention
16384,128,torch.bfloat16,0.0029922127723693848,0.018492674827575682,triton_kernel
16384,128,torch.bfloat16,0.01971263885498047,0.04705733060836792,pytorch_naive
16384,128,torch.bfloat16,0.030568397045135497,0.05555027723312378,pytorch_scaled_dot_product_attention
16384,128,torch.float16,0.003053534030914307,0.018544709682464598,triton_kernel
16384,128,torch.float16,0.016448557376861572,0.04064298868179321,pytorch_naive
16384,128,torch.float16,0.030570340156555176,0.05559407472610474,pytorch_scaled_dot_product_attention
16384,128,torch.float32,0.005811071395874024,0.021687805652618408,triton_kernel
16384,128,torch.float32,0.022223281860351562,0.05541878938674927,pytorch_naive
16384,128,torch.float32,0.027796947956085206,0.052876627445220946,pytorch_scaled_dot_product_attention
16384,256,torch.bfloat16,0.00593639612197876,0.039126133918762206,triton_kernel
16384,256,torch.bfloat16,0.020664680004119872,0.04910767078399658,pytorch_naive
16384,256,torch.bfloat16,0.036272847652435304,0.0723035216331482,pytorch_scaled_dot_product_attention
16384,256,torch.float16,0.0060282468795776365,0.03960916996002197,triton_kernel
16384,256,torch.float16,0.017765569686889648,0.04389986991882324,pytorch_naive
16384,256,torch.float16,0.036360549926757815,0.07241306304931641,pytorch_scaled_dot_product_attention
16384,256,torch.float32,0.015715968608856202,0.09945321083068848,triton_kernel
16384,256,torch.float32,0.028928864002227783,0.07349052429199218,pytorch_naive
16384,256,torch.float32,0.03375706672668457,0.07030309438705444,pytorch_scaled_dot_product_attention
32768,16,torch.bfloat16,0.0039665460586547855,0.018620061874389648,triton_kernel
32768,16,torch.bfloat16,0.0867275357246399,0.1935993790626526,pytorch_naive
32768,16,torch.bfloat16,0.12139201164245605,0.20415316820144652,pytorch_scaled_dot_product_attention
32768,16,torch.float16,0.004028427600860596,0.0187485933303833,triton_kernel
32768,16,torch.float16,0.06410742998123169,0.15595152378082275,pytorch_naive
32768,16,torch.float16,0.1213847279548645,0.20409040451049804,pytorch_scaled_dot_product_attention
32768,16,torch.float32,0.006141626834869384,0.02081005573272705,triton_kernel
32768,16,torch.float32,0.08786218166351319,0.20313125848770142,pytorch_naive
32768,16,torch.float32,0.11007007360458373,0.19282537698745728,pytorch_scaled_dot_product_attention
32768,32,torch.bfloat16,0.006561923027038574,0.026353049278259277,triton_kernel
32768,32,torch.bfloat16,0.0868593692779541,0.19349201917648315,pytorch_naive
32768,32,torch.bfloat16,0.12311056852340699,0.20820906162261962,pytorch_scaled_dot_product_attention
32768,32,torch.float16,0.0065703272819519045,0.026375949382781982,triton_kernel
32768,32,torch.float16,0.064837646484375,0.15729364156723022,pytorch_naive
32768,32,torch.float16,0.12319592237472535,0.20820372104644774,pytorch_scaled_dot_product_attention
32768,32,torch.float32,0.007819557189941406,0.024961161613464355,triton_kernel
32768,32,torch.float32,0.08955328464508057,0.2072351336479187,pytorch_naive
32768,32,torch.float32,0.11178687810897828,0.19682700634002687,pytorch_scaled_dot_product_attention
32768,64,torch.bfloat16,0.007481074333190918,0.039881229400634766,triton_kernel
32768,64,torch.bfloat16,0.08809435367584229,0.19635841846466065,pytorch_naive
32768,64,torch.bfloat16,0.12506755590438842,0.21248011589050292,pytorch_scaled_dot_product_attention
32768,64,torch.float16,0.007608461380004883,0.03987346887588501,triton_kernel
32768,64,torch.float16,0.06986037492752076,0.16700940132141112,pytorch_naive
32768,64,torch.float16,0.1253451943397522,0.21253150701522827,pytorch_scaled_dot_product_attention
32768,64,torch.float32,0.01231997013092041,0.04332265853881836,triton_kernel
32768,64,torch.float32,0.0919649839401245,0.21205952167510986,pytorch_naive
32768,64,torch.float32,0.11396076679229736,0.20142019987106324,pytorch_scaled_dot_product_attention
32768,128,torch.bfloat16,0.011970341205596924,0.0736612319946289,triton_kernel
32768,128,torch.bfloat16,0.08891797065734863,0.19790120124816896,pytorch_naive
32768,128,torch.bfloat16,0.13229124546051024,0.23351184129714966,pytorch_scaled_dot_product_attention
32768,128,torch.float16,0.012255072593688965,0.07474645376205444,triton_kernel
32768,128,torch.float16,0.07468771934509277,0.17675819396972656,pytorch_naive
32768,128,torch.float16,0.13213438987731935,0.23364017009735108,pytorch_scaled_dot_product_attention
32768,128,torch.float32,0.02314497232437134,0.08615162372589111,triton_kernel
32768,128,torch.float32,0.09962382316589355,0.2338236689567566,pytorch_naive
32768,128,torch.float32,0.12100034952163696,0.22285385131835939,pytorch_scaled_dot_product_attention
32768,256,torch.bfloat16,0.023521697521209715,0.15766807794570922,triton_kernel
32768,256,torch.bfloat16,0.08990654945373536,0.20074564218521118,pytorch_naive
32768,256,torch.bfloat16,0.15475692749023437,0.2980585217475891,pytorch_scaled_dot_product_attention
32768,256,torch.float16,0.024073863029479982,0.159978187084198,triton_kernel
32768,256,torch.float16,0.07419133186340332,0.17624027729034425,pytorch_naive
32768,256,torch.float16,0.15494682788848876,0.2987038493156433,pytorch_scaled_dot_product_attention
32768,256,torch.float32,0.06599922180175781,0.40799455642700194,triton_kernel
32768,256,torch.float32,0.12370947599411011,0.3001394510269165,pytorch_naive
32768,256,torch.float32,0.14479421377182006,0.2900607347488403,pytorch_scaled_dot_product_attention
65536,16,torch.bfloat16,0.015357398986816406,0.07469593286514283,triton_kernel
65536,16,torch.bfloat16,,,pytorch_naive
65536,16,torch.bfloat16,,,pytorch_naive
65536,16,torch.float16,0.015591168403625488,0.07543468475341797,triton_kernel
65536,16,torch.float16,,,pytorch_naive
65536,16,torch.float16,,,pytorch_naive
65536,16,torch.float32,0.024103057384490967,0.08212817907333374,triton_kernel
65536,16,torch.float32,,,pytorch_naive
65536,16,torch.float32,,,pytorch_naive
65536,32,torch.bfloat16,0.025282633304595948,0.1042212963104248,triton_kernel
65536,32,torch.bfloat16,,,pytorch_naive
65536,32,torch.bfloat16,,,pytorch_naive
65536,32,torch.float16,0.025358200073242188,0.10478253364562988,triton_kernel
65536,32,torch.float16,,,pytorch_naive
65536,32,torch.float16,,,pytorch_naive
65536,32,torch.float32,0.03264905214309692,0.10132266283035278,triton_kernel
65536,32,torch.float32,,,pytorch_naive
65536,32,torch.float32,,,pytorch_naive
65536,64,torch.bfloat16,0.03120993375778198,0.16422799825668336,triton_kernel
65536,64,torch.bfloat16,,,pytorch_naive
65536,64,torch.bfloat16,,,pytorch_naive
65536,64,torch.float16,0.03160048723220825,0.16563724279403685,triton_kernel
65536,64,torch.float16,,,pytorch_naive
65536,64,torch.float16,,,pytorch_naive
65536,64,torch.float32,0.05050727128982544,0.17415382862091064,triton_kernel
65536,64,torch.float32,,,pytorch_naive
65536,64,torch.float32,,,pytorch_naive
65536,128,torch.bfloat16,0.04882755279541016,0.2964512944221497,triton_kernel
65536,128,torch.bfloat16,,,pytorch_naive
65536,128,torch.bfloat16,,,pytorch_naive
65536,128,torch.float16,0.05003433227539063,0.3001349687576294,triton_kernel
65536,128,torch.float16,,,pytorch_naive
65536,128,torch.float16,,,pytorch_naive
65536,128,torch.float32,0.09215378761291504,0.34390931129455565,triton_kernel
65536,128,torch.float32,,,pytorch_naive
65536,128,torch.float32,,,pytorch_naive
65536,256,torch.bfloat16,0.09284859895706177,0.6231560230255127,triton_kernel
65536,256,torch.bfloat16,,,pytorch_naive
65536,256,torch.bfloat16,,,pytorch_naive
65536,256,torch.float16,0.09536596536636352,0.6296862602233887,triton_kernel
65536,256,torch.float16,,,pytorch_naive
65536,256,torch.float16,,,pytorch_naive
65536,256,torch.float32,0.26054091453552247,1.6736323833465576,triton_kernel
65536,256,torch.float32,,,pytorch_naive
65536,256,torch.float32,,,pytorch_naive
